state,basis,shots,seed,count_00,count_01,count_10,count_11,p_equal,correlation,total_variation_distance,elapsed_seconds
product,Z,100,42,28,23,28,21,0.49,-0.020000000000000018,0.060000000000000026,0.018383378999715205
product,Z,100,43,27,18,20,35,0.62,0.24,0.12,8.763699588598683e-05
product,Z,100,44,20,24,27,29,0.49,-0.020000000000000018,0.06,5.8933997934218496e-05
product,Z,100,45,26,25,27,22,0.48,-0.04000000000000001,0.030000000000000124,5.557599797612056e-05
product,Z,100,46,31,17,24,28,0.5900000000000001,0.18000000000000002,0.09000000000000001,5.299799522617832e-05
product,Z,1000,42,228,251,252,269,0.497,-0.006000000000000005,0.022000000000000117,6.076299905544147e-05
product,Z,1000,43,224,237,285,254,0.478,-0.04399999999999993,0.03899999999999999,5.330400017555803e-05
product,Z,1000,44,248,241,241,270,0.518,0.03600000000000003,0.019999999999999907,5.226899520494044e-05
product,Z,1000,45,259,247,246,248,0.507,0.014000000000000012,0.008999999999999897,5.3804003982804716e-05
product,Z,1000,46,273,237,209,281,0.554,0.10800000000000007,0.054000000000000034,5.276800220599398e-05
product,Z,10000,42,2422,2502,2506,2570,0.4992,-0.0015999999999999348,0.0078000000000000985,5.6547003623563796e-05
product,Z,10000,43,2576,2404,2553,2467,0.5043,0.008599999999999969,0.012900000000000009,5.330299609340727e-05
product,Z,10000,44,2492,2465,2473,2570,0.5062,0.012400000000000022,0.006999999999999895,5.228100053500384e-05
product,Z,10000,45,2522,2484,2488,2506,0.5027999999999999,0.005599999999999966,0.002799999999999983,5.2370996854733676e-05
product,Z,10000,46,2551,2461,2555,2433,0.49839999999999995,-0.003200000000000036,0.010599999999999998,5.203599721426144e-05
product,X,100,42,100,0,0,0,1.0,1.0,3.885780586188048e-16,7.98840046627447e-05
product,X,100,43,100,0,0,0,1.0,1.0,3.885780586188048e-16,7.590400491608307e-05
product,X,100,44,100,0,0,0,1.0,1.0,3.885780586188048e-16,7.361399912042543e-05
product,X,100,45,100,0,0,0,1.0,1.0,3.885780586188048e-16,7.670599734410644e-05
product,X,100,46,100,0,0,0,1.0,1.0,3.885780586188048e-16,7.54610009607859e-05
product,X,1000,42,1000,0,0,0,1.0,1.0,3.885780586188048e-16,7.612199988216162e-05
product,X,1000,43,1000,0,0,0,1.0,1.0,3.885780586188048e-16,7.534899486927316e-05
product,X,1000,44,1000,0,0,0,1.0,1.0,3.885780586188048e-16,7.743400055915117e-05
product,X,1000,45,1000,0,0,0,1.0,1.0,3.885780586188048e-16,7.723500311840326e-05
product,X,1000,46,1000,0,0,0,1.0,1.0,3.885780586188048e-16,7.478699990315363e-05
product,X,10000,42,10000,0,0,0,1.0,1.0,3.885780586188048e-16,7.744100003037602e-05
product,X,10000,43,10000,0,0,0,1.0,1.0,3.885780586188048e-16,7.47439989936538e-05
product,X,10000,44,10000,0,0,0,1.0,1.0,3.885780586188048e-16,7.42150004953146e-05
product,X,10000,45,10000,0,0,0,1.0,1.0,3.885780586188048e-16,7.551700400654227e-05
product,X,10000,46,10000,0,0,0,1.0,1.0,3.885780586188048e-16,0.003080544003751129
bell,Z,100,42,55,0,0,45,1.0,1.0,0.05000000000000002,7.097399793565273e-05
bell,Z,100,43,43,0,0,57,1.0,1.0,0.06999999999999998,7.010099943727255e-05
bell,Z,100,44,50,0,0,50,1.0,1.0,1.1102230246251565e-16,6.94190021022223e-05
bell,Z,100,45,52,0,0,48,1.0,1.0,0.020000000000000018,7.10949971107766e-05
bell,Z,100,46,50,0,0,50,1.0,1.0,1.1102230246251565e-16,6.954599666642025e-05
bell,Z,1000,42,487,0,0,513,1.0,1.0,0.013000000000000012,7.018000178504735e-05
bell,Z,1000,43,529,0,0,471,1.0,1.0,0.029000000000000026,7.35930007067509e-05
bell,Z,1000,44,497,0,0,503,1.0,1.0,0.0030000000000000027,6.9396999606397e-05
bell,Z,1000,45,509,0,0,491,1.0,1.0,0.009000000000000008,7.041500066407025e-05
bell,Z,1000,46,523,0,0,477,1.0,1.0,0.02300000000000002,6.969599780859426e-05
bell,Z,10000,42,4909,0,0,5091,1.0,1.0,0.009099999999999997,6.86269995640032e-05
bell,Z,10000,43,5089,0,0,4911,1.0,1.0,0.008900000000000019,7.256900426000357e-05
bell,Z,10000,44,4990,0,0,5010,1.0,1.0,0.0010000000000000009,6.966399814700708e-05
bell,Z,10000,45,5025,0,0,4975,1.0,1.0,0.0024999999999999745,6.881199806230143e-05
bell,Z,10000,46,5056,0,0,4944,1.0,1.0,0.005600000000000022,6.907399802003056e-05
bell,X,100,42,55,0,0,45,1.0,1.0,0.05000000000000002,8.839099609758705e-05
bell,X,100,43,43,0,0,57,1.0,1.0,0.06999999999999998,8.911400072975084e-05
bell,X,100,44,50,0,0,50,1.0,1.0,3.3306690738754696e-16,9.000900172395632e-05
bell,X,100,45,52,0,0,48,1.0,1.0,0.020000000000000018,9.052499808603898e-05
bell,X,100,46,50,0,0,50,1.0,1.0,3.3306690738754696e-16,9.226099791703746e-05
bell,X,1000,42,487,0,0,513,1.0,1.0,0.013000000000000012,8.97999998414889e-05
bell,X,1000,43,529,0,0,471,1.0,1.0,0.029000000000000026,9.638800111133605e-05
bell,X,1000,44,497,0,0,503,1.0,1.0,0.0030000000000000027,9.023000166052952e-05
bell,X,1000,45,509,0,0,491,1.0,1.0,0.009000000000000008,8.975400123745203e-05
bell,X,1000,46,523,0,0,477,1.0,1.0,0.02300000000000002,8.953399810707197e-05
bell,X,10000,42,4909,0,0,5091,1.0,1.0,0.009099999999999997,8.909199823392555e-05
bell,X,10000,43,5089,0,0,4911,1.0,1.0,0.008900000000000019,9.075999696506187e-05
bell,X,10000,44,4990,0,0,5010,1.0,1.0,0.0010000000000000009,9.136299922829494e-05
bell,X,10000,45,5025,0,0,4975,1.0,1.0,0.0024999999999999745,6.712000322295353e-05
bell,X,10000,46,5056,0,0,4944,1.0,1.0,0.005600000000000022,6.516899884445593e-05
mixture,Z,100,42,55,0,0,45,1.0,1.0,0.05000000000000002,2.7009999030269682e-05
mixture,Z,100,43,43,0,0,57,1.0,1.0,0.06999999999999998,2.422000397928059e-05
mixture,Z,100,44,50,0,0,50,1.0,1.0,0.0,2.1838997781742364e-05
mixture,Z,100,45,52,0,0,48,1.0,1.0,0.020000000000000018,2.0717001461889595e-05
mixture,Z,100,46,50,0,0,50,1.0,1.0,0.0,2.0193998352624476e-05
mixture,Z,1000,42,487,0,0,513,1.0,1.0,0.013000000000000012,4.254599480191246e-05
mixture,Z,1000,43,529,0,0,471,1.0,1.0,0.029000000000000026,2.6005000108852983e-05
mixture,Z,1000,44,497,0,0,503,1.0,1.0,0.0030000000000000027,2.5303001166321337e-05
mixture,Z,1000,45,509,0,0,491,1.0,1.0,0.009000000000000008,2.5401997845619917e-05
mixture,Z,1000,46,523,0,0,477,1.0,1.0,0.02300000000000002,2.6002999220509082e-05
mixture,Z,10000,42,4909,0,0,5091,1.0,1.0,0.009099999999999997,4.033499862998724e-05
mixture,Z,10000,43,5089,0,0,4911,1.0,1.0,0.008900000000000019,2.58290019701235e-05
mixture,Z,10000,44,4990,0,0,5010,1.0,1.0,0.0010000000000000009,2.7592002879828215e-05
mixture,Z,10000,45,5025,0,0,4975,1.0,1.0,0.0024999999999999745,2.6490997697692364e-05
mixture,Z,10000,46,5056,0,0,4944,1.0,1.0,0.005600000000000022,3.255499905208126e-05
mixture,X,100,42,28,23,28,21,0.49,-0.020000000000000018,0.060000000000000026,7.99389963503927e-05
mixture,X,100,43,27,18,20,35,0.62,0.24,0.12,6.18639969616197e-05
mixture,X,100,44,20,24,27,29,0.49,-0.020000000000000018,0.06,6.484099867520854e-05
mixture,X,100,45,26,25,27,22,0.48,-0.04000000000000001,0.030000000000000124,5.610000516753644e-05
mixture,X,100,46,31,17,24,28,0.5900000000000001,0.18000000000000002,0.09000000000000001,5.3417003073263913e-05
mixture,X,1000,42,228,251,252,269,0.497,-0.006000000000000005,0.022000000000000117,5.4055999498814344e-05
mixture,X,1000,43,224,237,285,254,0.478,-0.04399999999999993,0.03899999999999999,5.629500083159655e-05
mixture,X,1000,44,248,241,241,270,0.518,0.03600000000000003,0.019999999999999907,5.9797006542794406e-05
mixture,X,1000,45,259,247,246,248,0.507,0.014000000000000012,0.008999999999999897,5.758999759564176e-05
mixture,X,1000,46,273,237,209,281,0.554,0.10800000000000007,0.054000000000000034,5.727900133933872e-05
mixture,X,10000,42,2422,2502,2506,2570,0.4992,-0.0015999999999999348,0.0078000000000000985,5.515699740499258e-05
mixture,X,10000,43,2576,2404,2553,2467,0.5043,0.008599999999999969,0.012900000000000009,5.332399450708181e-05
mixture,X,10000,44,2492,2465,2473,2570,0.5062,0.012400000000000022,0.006999999999999895,5.671500548487529e-05
mixture,X,10000,45,2522,2484,2488,2506,0.5027999999999999,0.005599999999999966,0.002799999999999983,5.4652002290822566e-05
mixture,X,10000,46,2551,2461,2555,2433,0.49839999999999995,-0.003200000000000036,0.010599999999999998,5.313499423209578e-05
